Redirect from,Redirect to
/boutique,/collections/all
/boutique/,/collections/all
/dashcam-voiture,/collections/dashcam-voiture
/dashcam-voiture/,/collections/dashcam-voiture
/dashcam-moto,/collections/dashcam-moto
/dashcam-moto/,/collections/dashcam-moto
/meilleure-dashcam,/collections/meilleure-dashcam
/meilleure-dashcam/,/collections/meilleure-dashcam
/dashcam-vision-nocturne,/collections/dashcam-vision-nocturne
/dashcam-vision-nocturne/,/collections/dashcam-vision-nocturne
/dashcam-gps,/collections/dashcam-gps
/dashcam-gps/,/collections/dashcam-gps
/dashcam-voiture-4k,/collections/dashcam-voiture-4k
/dashcam-voiture-4k/,/collections/dashcam-voiture-4k
/dashcam-voiture-360,/collections/dashcam-voiture-360
/dashcam-voiture-360/,/collections/dashcam-voiture-360
/dashcam-moto-casque,/collections/dashcam-moto-casque
/dashcam-moto-casque/,/collections/dashcam-moto-casque
/ecran-moto-carplay,/collections/ecran-moto-carplay
/ecran-moto-carplay/,/collections/ecran-moto-carplay
/dashcam-avant-arriere,/collections/dashcam-avant-arriere
/dashcam-avant-arriere/,/collections/dashcam-avant-arriere
/mode-parking,/collections/dashcam-mode-parking
/mode-parking/,/collections/dashcam-mode-parking
/comparatif,/pages/comparatif
/comparatif/,/pages/comparatif
/quiz,/pages/quiz
/quiz/,/pages/quiz
/conseils,/blogs/guides-dashcam
/conseils/,/blogs/guides-dashcam
/suivi-colis,/pages/suivi-colis
/suivi-colis/,/pages/suivi-colis
/informations/contact,/pages/contact
/informations/contact/,/pages/contact
/informations/mentions-legales,/pages/informations-mentions-legales
/informations/mentions-legales/,/pages/informations-mentions-legales
/informations/confidentialite,/pages/informations-confidentialite
/informations/confidentialite/,/pages/informations-confidentialite
/informations/livraison-retours,/pages/informations-livraison-retours
/informations/livraison-retours/,/pages/informations-livraison-retours
/conseils/quelle-dashcam-voiture-choisir,/pages/conseils-quelle-dashcam-voiture-choisir
/conseils/quelle-dashcam-voiture-choisir/,/pages/conseils-quelle-dashcam-voiture-choisir
/conseils/dashcam-avant-arriere-guide,/blogs/guides-dashcam/dashcam-avant-arriere
/conseils/dashcam-avant-arriere-guide/,/blogs/guides-dashcam/dashcam-avant-arriere
/conseils/dashcam-moto-guide,/pages/conseils-dashcam-moto-guide
/conseils/dashcam-moto-guide/,/pages/conseils-dashcam-moto-guide
/conseils/dashcam-2k-vs-4k,/pages/conseils-dashcam-2k-vs-4k
/conseils/dashcam-2k-vs-4k/,/pages/conseils-dashcam-2k-vs-4k
/conseils/70mai-vs-ddpai,/pages/conseils-70mai-vs-ddpai
/conseils/70mai-vs-ddpai/,/pages/conseils-70mai-vs-ddpai
/conseils/dashcam-mode-parking-guide,/blogs/guides-dashcam/mode-parking-dashcam
/conseils/dashcam-mode-parking-guide/,/blogs/guides-dashcam/mode-parking-dashcam
/conseils/dashcam-nuit,/pages/conseils-dashcam-nuit
/conseils/dashcam-nuit/,/pages/conseils-dashcam-nuit
/conseils/dashcam-sans-fil,/blogs/guides-dashcam/dashcam-voiture-sans-fil
/conseils/dashcam-sans-fil/,/blogs/guides-dashcam/dashcam-voiture-sans-fil
/conseils/dashcam-voiture-discrete,/blogs/guides-dashcam/dashcam-voiture-discrete
/conseils/dashcam-voiture-discrete/,/blogs/guides-dashcam/dashcam-voiture-discrete
/comparatif/70mai-a510-vs-ddpai-z50-pro,/pages/comparatif-70mai-a510-vs-ddpai-z50-pro
/comparatif/70mai-a510-vs-ddpai-z50-pro/,/pages/comparatif-70mai-a510-vs-ddpai-z50-pro
/comparatif/70mai-a510-vs-ddpai-n1-dual,/pages/comparatif-70mai-a510-vs-ddpai-n1-dual
/comparatif/70mai-a510-vs-ddpai-n1-dual/,/pages/comparatif-70mai-a510-vs-ddpai-n1-dual
/comparatif/freedconn-r1-plus-vs-fodsports-fx60c,/pages/comparatif-freedconn-r1-plus-vs-fodsports-fx60c
/comparatif/freedconn-r1-plus-vs-fodsports-fx60c/,/pages/comparatif-freedconn-r1-plus-vs-fodsports-fx60c
/produits/camera-casque-moto-4k,/products/camera-casque-moto-4k
/produits/camera-casque-moto-4k/,/products/camera-casque-moto-4k
/produits/dashcam-voiture-discrete-2k,/products/dashcam-voiture-discrete-2k
/produits/dashcam-voiture-discrete-2k/,/products/dashcam-voiture-discrete-2k
/produits/dashcam-voiture-mini-2k,/products/dashcam-voiture-mini-2k
/produits/dashcam-voiture-mini-2k/,/products/dashcam-voiture-mini-2k
/produits/dashcam-voiture-compacte-hdr,/products/dashcam-voiture-compacte-hdr
/produits/dashcam-voiture-compacte-hdr/,/products/dashcam-voiture-compacte-hdr
/produits/dashcam-avant-arriere,/products/dashcam-avant-arriere
/produits/dashcam-avant-arriere/,/products/dashcam-avant-arriere
/produits/dashcam-2k-voiture,/products/dashcam-2k-voiture
/produits/dashcam-2k-voiture/,/products/dashcam-2k-voiture
/produits/dashcam-retroviseur-sans-fil-wolfbox-g930,/products/dashcam-retroviseur-sans-fil-wolfbox-g930
/produits/dashcam-retroviseur-sans-fil-wolfbox-g930/,/products/dashcam-retroviseur-sans-fil-wolfbox-g930
/produits/dashcam-4k,/products/dashcam-4k
/produits/dashcam-4k/,/products/dashcam-4k
/produits/dashcam-voiture-vision-nocturne,/products/dashcam-voiture-vision-nocturne
/produits/dashcam-voiture-vision-nocturne/,/products/dashcam-voiture-vision-nocturne
/produits/dashcam-voiture-360-4k,/products/dashcam-voiture-360-4k
/produits/dashcam-voiture-360-4k/,/products/dashcam-voiture-360-4k
/produits/dashcam-4k-avant-arriere,/products/dashcam-4k-avant-arriere
/produits/dashcam-4k-avant-arriere/,/products/dashcam-4k-avant-arriere
/produits/dashcam-moto-avant-arriere,/products/dashcam-moto-avant-arriere
/produits/dashcam-moto-avant-arriere/,/products/dashcam-moto-avant-arriere
/produits/dashcam-moto-double-camera,/products/dashcam-moto-double-camera
/produits/dashcam-moto-double-camera/,/products/dashcam-moto-double-camera
/produits/dashcam-moto-casque,/products/dashcam-moto-casque
/produits/dashcam-moto-casque/,/products/dashcam-moto-casque
/produits/dashcam-moto-sans-fil,/products/dashcam-moto-sans-fil
/produits/dashcam-moto-sans-fil/,/products/dashcam-moto-sans-fil
/produits/dashcam-moto-4k,/products/dashcam-moto-4k
/produits/dashcam-moto-4k/,/products/dashcam-moto-4k
/produits/dashcam-moto-etanche,/products/dashcam-moto-etanche
/produits/dashcam-moto-etanche/,/products/dashcam-moto-etanche
/produits/dashcam-moto-2k,/products/dashcam-moto-2k
/produits/dashcam-moto-2k/,/products/dashcam-moto-2k
/produits/dashcam-moto-360,/products/dashcam-moto-360
/produits/dashcam-moto-360/,/products/dashcam-moto-360
/produits/dashcam-wifi-5ghz,/products/dashcam-wifi-5ghz
/produits/dashcam-wifi-5ghz/,/products/dashcam-wifi-5ghz
/produits/dashcam-moto-carplay-dvr,/products/dashcam-moto-carplay-dvr
/produits/dashcam-moto-carplay-dvr/,/products/dashcam-moto-carplay-dvr
/produits/dashcam-3k-voiture,/products/dashcam-3k-voiture
/produits/dashcam-3k-voiture/,/products/dashcam-3k-voiture
